image_path,label
data/images/658.JPG,0
data/images/384.JPG,0
data/images/367.JPG,0
data/images/730.JPG,0
data/images/1426.JPG,1
data/images/1194.JPG,0
data/images/232.JPG,0
data/images/997.JPG,0
data/images/1151.JPG,0
data/images/840.JPG,0
data/images/1138.JPG,0
data/images/1192.JPG,0
data/images/1087.JPG,0
data/images/983.JPG,0
data/images/138.JPG,0
data/images/1355.JPG,0
data/images/17.JPG,0
data/images/119.JPG,0
data/images/1324.JPG,0
data/images/875.JPG,0
data/images/1350.JPG,0
data/images/1398.JPG,0
data/images/931.JPG,0
data/images/510.JPG,0
data/images/1304.JPG,0
data/images/526.JPG,0
data/images/270.JPG,0
data/images/964.JPG,0
data/images/617.JPG,0
data/images/1391.JPG,0
data/images/81.JPG,0
data/images/461.JPG,0
data/images/509.JPG,0
data/images/1371.JPG,0
data/images/471.JPG,0
data/images/156.JPG,0
data/images/712.JPG,0
data/images/117.JPG,0
data/images/485.JPG,0
data/images/824.JPG,0
data/images/1201.JPG,0
data/images/1450.JPG,1
data/images/243.JPG,0
data/images/775.JPG,0
data/images/188.JPG,0
data/images/1261.JPG,0
data/images/1154.JPG,0
data/images/785.JPG,0
data/images/1289.JPG,0
data/images/578.JPG,0
data/images/1075.JPG,0
data/images/587.JPG,0
data/images/659.JPG,0
data/images/417.JPG,0
data/images/1283.JPG,0
data/images/408.JPG,0
data/images/1131.JPG,0
data/images/750.JPG,0
data/images/1438.JPG,1
data/images/832.JPG,0
data/images/1406.JPG,0
data/images/708.JPG,0
data/images/1403.JPG,0
data/images/888.JPG,0
data/images/978.JPG,0
data/images/598.JPG,0
data/images/1213.JPG,0
data/images/470.JPG,0
data/images/716.JPG,0
data/images/247.JPG,0
data/images/353.JPG,0
data/images/500.JPG,0
data/images/988.JPG,0
data/images/1312.JPG,0
data/images/342.JPG,0
data/images/1193.JPG,0
data/images/622.JPG,0
data/images/637.JPG,0
data/images/633.JPG,0
data/images/1429.JPG,1
data/images/1326.JPG,0
data/images/709.JPG,0
data/images/1446.JPG,1
data/images/405.JPG,0
data/images/284.JPG,0
data/images/781.JPG,0
data/images/1316.JPG,0
data/images/808.JPG,0
data/images/411.JPG,0
data/images/651.JPG,0
data/images/641.JPG,0
data/images/675.JPG,0
data/images/643.JPG,0
data/images/446.JPG,0
data/images/324.JPG,0
data/images/774.JPG,0
data/images/1222.JPG,0
data/images/1293.JPG,0
data/images/49.JPG,0
data/images/1110.JPG,0
data/images/1245.JPG,0
data/images/974.JPG,0
data/images/1219.JPG,0
data/images/1098.JPG,0
data/images/1353.JPG,0
data/images/1449.JPG,1
data/images/967.JPG,0
data/images/992.JPG,0
data/images/820.JPG,0
data/images/111.JPG,0
data/images/1141.JPG,0
data/images/1243.JPG,0
data/images/213.JPG,0
data/images/683.JPG,0
data/images/722.JPG,0
data/images/185.JPG,0
data/images/231.JPG,0
data/images/19.JPG,0
data/images/788.JPG,0
data/images/146.JPG,0
data/images/422.JPG,0
data/images/830.JPG,0
data/images/7.JPG,0
data/images/421.JPG,0
data/images/435.JPG,0
data/images/497.JPG,0
data/images/252.JPG,0
data/images/528.JPG,0
data/images/1233.JPG,0
data/images/789.JPG,0
data/images/127.JPG,0
data/images/571.JPG,0
data/images/839.JPG,0
data/images/1161.JPG,0
data/images/848.JPG,0
data/images/918.JPG,0
data/images/1004.JPG,0
data/images/1036.JPG,0
data/images/803.JPG,0
data/images/924.JPG,0
data/images/320.JPG,0
data/images/1215.JPG,0
data/images/419.JPG,0
data/images/1278.JPG,0
data/images/841.JPG,0
data/images/907.JPG,0
data/images/861.JPG,0
data/images/1160.JPG,0
data/images/1057.JPG,0
data/images/1126.JPG,0
data/images/92.JPG,0
data/images/1137.JPG,0
data/images/1147.JPG,0
data/images/298.JPG,0
data/images/1417.JPG,1
data/images/729.JPG,0
data/images/97.JPG,0
data/images/1159.JPG,0
data/images/1372.JPG,0
data/images/1041.JPG,0
data/images/1101.JPG,0
data/images/110.JPG,0
data/images/428.JPG,0
data/images/1348.JPG,0
data/images/460.JPG,0
data/images/723.JPG,0
data/images/35.JPG,0
data/images/256.JPG,0
data/images/208.JPG,0
data/images/33.JPG,0
data/images/318.JPG,0
data/images/616.JPG,0
data/images/207.JPG,0
data/images/845.JPG,0
data/images/1327.JPG,0
data/images/25.JPG,0
data/images/123.JPG,0
data/images/1296.JPG,0
data/images/612.JPG,0
data/images/459.JPG,0
data/images/1125.JPG,0
data/images/1118.JPG,0
data/images/1109.JPG,0
data/images/903.JPG,0
data/images/1259.JPG,0
data/images/1400.JPG,0
data/images/873.JPG,0
data/images/1149.JPG,0
data/images/596.JPG,0
data/images/958.JPG,0
data/images/86.JPG,0
data/images/902.JPG,0
data/images/915.JPG,0
data/images/321.JPG,0
data/images/61.JPG,0
data/images/665.JPG,0
data/images/157.JPG,0
data/images/257.JPG,0
data/images/236.JPG,0
data/images/1084.JPG,0
data/images/801.JPG,0
data/images/757.JPG,0
data/images/479.JPG,0
data/images/1112.JPG,0
data/images/451.JPG,0
data/images/294.JPG,0
data/images/309.JPG,0
data/images/782.JPG,0
data/images/1265.JPG,0
data/images/1294.JPG,0
data/images/1287.JPG,0
data/images/1370.JPG,0
data/images/618.JPG,0
data/images/28.JPG,0
data/images/628.JPG,0
data/images/1338.JPG,0
data/images/362.JPG,0
data/images/586.JPG,0
data/images/1434.JPG,1
data/images/533.JPG,0
data/images/929.JPG,0
data/images/867.JPG,0
data/images/1153.JPG,0
data/images/355.JPG,0
data/images/1056.JPG,0
data/images/765.JPG,0
data/images/1310.JPG,0
data/images/1301.JPG,0
data/images/1000.JPG,0
data/images/279.JPG,0
data/images/572.JPG,0
data/images/1210.JPG,0
data/images/378.JPG,0
data/images/1010.JPG,0
data/images/726.JPG,0
data/images/1455.JPG,1
data/images/334.JPG,0
data/images/797.JPG,0
data/images/1237.JPG,0
data/images/153.JPG,0
data/images/223.JPG,0
data/images/466.JPG,0
data/images/1202.JPG,0
data/images/1212.JPG,0
data/images/465.JPG,0
data/images/1053.JPG,0
data/images/963.JPG,0
data/images/1168.JPG,0
data/images/681.JPG,0
data/images/176.JPG,0
data/images/413.JPG,0
data/images/182.JPG,0
data/images/680.JPG,0
data/images/1163.JPG,0
data/images/831.JPG,0
data/images/425.JPG,0
data/images/984.JPG,0
data/images/828.JPG,0
data/images/433.JPG,0
data/images/38.JPG,0
data/images/469.JPG,0
data/images/593.JPG,0
data/images/812.JPG,0
data/images/1421.JPG,1
data/images/671.JPG,0
data/images/926.JPG,0
data/images/927.JPG,0
data/images/1129.JPG,0
data/images/1247.JPG,0
data/images/745.JPG,0
data/images/886.JPG,0
data/images/1268.JPG,0
data/images/822.JPG,0
data/images/513.JPG,0
data/images/697.JPG,0
data/images/836.JPG,0
data/images/860.JPG,0
data/images/650.JPG,0
data/images/853.JPG,0
data/images/815.JPG,0
data/images/346.JPG,0
data/images/717.JPG,0
data/images/1097.JPG,0
data/images/289.JPG,0
data/images/450.JPG,0
data/images/977.JPG,0
data/images/1142.JPG,0
data/images/601.JPG,0
data/images/174.JPG,0
data/images/1058.JPG,0
data/images/45.JPG,0
data/images/286.JPG,0
data/images/790.JPG,0
data/images/542.JPG,0
data/images/698.JPG,0
data/images/1120.JPG,0
data/images/705.JPG,0
data/images/813.JPG,0
data/images/282.JPG,0
data/images/608.JPG,0
data/images/380.JPG,0
data/images/1040.JPG,0
data/images/142.JPG,0
data/images/67.JPG,0
data/images/1029.JPG,0
data/images/1070.JPG,0
data/images/1198.JPG,0
data/images/968.JPG,0
data/images/197.JPG,0
data/images/287.JPG,0
data/images/1240.JPG,0
data/images/1204.JPG,0
data/images/167.JPG,0
data/images/1080.JPG,0
data/images/263.JPG,0
data/images/68.JPG,0
data/images/106.JPG,0
data/images/1412.JPG,0
data/images/404.JPG,0
data/images/262.JPG,0
data/images/951.JPG,0
data/images/624.JPG,0
data/images/1399.JPG,0
data/images/764.JPG,0
data/images/1343.JPG,0
data/images/1114.JPG,0
data/images/938.JPG,0
data/images/341.JPG,0
data/images/1408.JPG,0
data/images/23.JPG,0
data/images/1375.JPG,0
data/images/381.JPG,0
data/images/423.JPG,0
data/images/759.JPG,0
data/images/1266.JPG,0
data/images/1457.JPG,1
data/images/265.JPG,0
data/images/398.JPG,0
data/images/1345.JPG,0
data/images/1443.JPG,1
data/images/895.JPG,0
data/images/733.JPG,0
data/images/662.JPG,0
data/images/1368.JPG,0
data/images/173.JPG,0
data/images/547.JPG,0
data/images/527.JPG,0
data/images/876.JPG,0
data/images/1253.JPG,0
data/images/400.JPG,0
data/images/308.JPG,0
data/images/366.JPG,0
data/images/794.JPG,0
data/images/1275.JPG,0
data/images/518.JPG,0
data/images/642.JPG,0
data/images/1396.JPG,0
data/images/1158.JPG,0
data/images/1139.JPG,0
data/images/46.JPG,0
data/images/833.JPG,0
data/images/1422.JPG,1
data/images/1328.JPG,0
data/images/244.JPG,0
data/images/1145.JPG,0
data/images/1015.JPG,0
data/images/1007.JPG,0
data/images/1332.JPG,0
data/images/567.JPG,0
data/images/1128.JPG,0
data/images/914.JPG,0
data/images/1423.JPG,1
data/images/372.JPG,0
data/images/1063.JPG,0
data/images/135.JPG,0
data/images/1349.JPG,0
data/images/1431.JPG,1
data/images/29.JPG,0
data/images/407.JPG,0
data/images/10.JPG,0
data/images/1249.JPG,0
data/images/211.JPG,0
data/images/360.JPG,0
data/images/1069.JPG,0
data/images/1439.JPG,1
data/images/416.JPG,0
data/images/583.JPG,0
data/images/1100.JPG,0
data/images/57.JPG,0
data/images/319.JPG,0
data/images/933.JPG,0
data/images/625.JPG,0
data/images/215.JPG,0
data/images/72.JPG,0
data/images/943.JPG,0
data/images/1185.JPG,0
data/images/1068.JPG,0
data/images/22.JPG,0
data/images/767.JPG,0
data/images/1225.JPG,0
data/images/692.JPG,0
data/images/999.JPG,0
data/images/328.JPG,0
data/images/783.JPG,0
data/images/104.JPG,0
data/images/1425.JPG,1
data/images/899.JPG,0
data/images/738.JPG,0
data/images/43.JPG,0
data/images/646.JPG,0
data/images/1447.JPG,1
data/images/6.JPG,0
data/images/1344.JPG,0
data/images/1003.JPG,0
data/images/1272.JPG,0
data/images/1392.JPG,0
data/images/589.JPG,0
data/images/93.JPG,0
data/images/724.JPG,0
data/images/343.JPG,0
data/images/1048.JPG,0
data/images/766.JPG,0
data/images/458.JPG,0
data/images/763.JPG,0
data/images/667.JPG,0
data/images/956.JPG,0
data/images/1380.JPG,0
data/images/746.JPG,0
data/images/187.JPG,0
data/images/1195.JPG,0
data/images/721.JPG,0
data/images/605.JPG,0
data/images/823.JPG,0
data/images/349.JPG,0
data/images/969.JPG,0
data/images/849.JPG,0
data/images/994.JPG,0
data/images/881.JPG,0
data/images/85.JPG,0
data/images/1051.JPG,0
data/images/55.JPG,0
data/images/543.JPG,0
data/images/564.JPG,0
data/images/771.JPG,0
data/images/212.JPG,0
data/images/1314.JPG,0
data/images/829.JPG,0
data/images/221.JPG,0
data/images/1262.JPG,0
data/images/1292.JPG,0
data/images/577.JPG,0
data/images/562.JPG,0
data/images/30.JPG,0
data/images/1107.JPG,0
data/images/756.JPG,0
data/images/235.JPG,0
data/images/1318.JPG,0
data/images/674.JPG,0
data/images/922.JPG,0
data/images/742.JPG,0
data/images/1037.JPG,0
data/images/499.JPG,0
data/images/1001.JPG,0
data/images/53.JPG,0
data/images/736.JPG,0
data/images/987.JPG,0
data/images/121.JPG,0
data/images/13.JPG,0
data/images/147.JPG,0
data/images/851.JPG,0
data/images/214.JPG,0
data/images/986.JPG,0
data/images/761.JPG,0
data/images/1008.JPG,0
data/images/795.JPG,0
data/images/1165.JPG,0
data/images/291.JPG,0
data/images/550.JPG,0
data/images/1284.JPG,0
data/images/913.JPG,0
data/images/490.JPG,0
data/images/376.JPG,0
data/images/62.JPG,0
data/images/1246.JPG,0
data/images/327.JPG,0
data/images/273.JPG,0
data/images/669.JPG,0
data/images/555.JPG,0
data/images/103.JPG,0
data/images/760.JPG,0
data/images/1009.JPG,0
data/images/666.JPG,0
data/images/505.JPG,0
data/images/654.JPG,0
data/images/939.JPG,0
data/images/280.JPG,0
data/images/893.JPG,0
data/images/1303.JPG,0
data/images/1386.JPG,0
data/images/1361.JPG,0
data/images/995.JPG,0
data/images/1330.JPG,0
data/images/976.JPG,0
data/images/297.JPG,0
data/images/702.JPG,0
data/images/545.JPG,0
data/images/317.JPG,0
data/images/455.JPG,0
data/images/946.JPG,0
data/images/1220.JPG,0
data/images/108.JPG,0
data/images/755.JPG,0
data/images/1211.JPG,0
data/images/599.JPG,0
data/images/482.JPG,0
data/images/1152.JPG,0
data/images/9.JPG,0
data/images/18.JPG,0
data/images/285.JPG,0
data/images/44.JPG,0
data/images/942.JPG,0
data/images/454.JPG,0
data/images/507.JPG,0
data/images/183.JPG,0
data/images/480.JPG,0
data/images/1395.JPG,0
data/images/996.JPG,0
data/images/935.JPG,0
data/images/885.JPG,0
data/images/807.JPG,0
data/images/116.JPG,0
data/images/492.JPG,0
data/images/1459.JPG,1
data/images/814.JPG,0
data/images/838.JPG,0
data/images/597.JPG,0
data/images/670.JPG,0
data/images/1415.JPG,0
data/images/928.JPG,0
data/images/880.JPG,0
data/images/277.JPG,0
data/images/949.JPG,0
data/images/278.JPG,0
data/images/165.JPG,0
data/images/1452.JPG,1
data/images/1456.JPG,1
data/images/1250.JPG,0
data/images/141.JPG,0
data/images/846.JPG,0
data/images/1026.JPG,0
data/images/241.JPG,0
data/images/619.JPG,0
data/images/1256.JPG,0
data/images/980.JPG,0
data/images/1251.JPG,0
data/images/1405.JPG,0
data/images/410.JPG,0
data/images/1362.JPG,0
data/images/954.JPG,0
data/images/972.JPG,0
data/images/1183.JPG,0
data/images/41.JPG,0
data/images/1441.JPG,1
data/images/1407.JPG,0
data/images/932.JPG,0
data/images/489.JPG,0
data/images/1448.JPG,1
data/images/905.JPG,0
data/images/1320.JPG,0
data/images/69.JPG,0
data/images/1445.JPG,1
data/images/1102.JPG,0
data/images/1077.JPG,0
data/images/1223.JPG,0
data/images/302.JPG,0
data/images/710.JPG,0
data/images/663.JPG,0
data/images/364.JPG,0
data/images/1045.JPG,0
data/images/130.JPG,0
data/images/432.JPG,0
data/images/1136.JPG,0
data/images/1006.JPG,0
data/images/502.JPG,0
data/images/379.JPG,0
data/images/1020.JPG,0
data/images/1385.JPG,0
data/images/852.JPG,0
data/images/60.JPG,0
data/images/1216.JPG,0
data/images/276.JPG,0
data/images/516.JPG,0
data/images/1115.JPG,0
data/images/1197.JPG,0
data/images/483.JPG,0
data/images/530.JPG,0
data/images/82.JPG,0
data/images/1227.JPG,0
data/images/486.JPG,0
data/images/218.JPG,0
data/images/274.JPG,0
data/images/1321.JPG,0
data/images/312.JPG,0
data/images/200.JPG,0
data/images/570.JPG,0
data/images/531.JPG,0
data/images/311.JPG,0
data/images/330.JPG,0
data/images/1074.JPG,0
data/images/657.JPG,0
data/images/772.JPG,0
data/images/676.JPG,0
data/images/31.JPG,0
data/images/143.JPG,0
data/images/34.JPG,0
data/images/139.JPG,0
data/images/819.JPG,0
data/images/566.JPG,0
data/images/678.JPG,0
data/images/556.JPG,0
data/images/754.JPG,0
data/images/1342.JPG,0
data/images/418.JPG,0
data/images/1189.JPG,0
data/images/118.JPG,0
data/images/246.JPG,0
data/images/696.JPG,0
data/images/648.JPG,0
data/images/1389.JPG,0
data/images/584.JPG,0
data/images/303.JPG,0
data/images/24.JPG,0
data/images/523.JPG,0
data/images/1135.JPG,0
data/images/437.JPG,0
data/images/393.JPG,0
data/images/109.JPG,0
data/images/1248.JPG,0
data/images/1322.JPG,0
data/images/989.JPG,0
data/images/373.JPG,0
data/images/959.JPG,0
data/images/879.JPG,0
data/images/786.JPG,0
data/images/711.JPG,0
data/images/910.JPG,0
data/images/1105.JPG,0
data/images/1093.JPG,0
data/images/908.JPG,0
data/images/1044.JPG,0
data/images/335.JPG,0
data/images/950.JPG,0
data/images/1180.JPG,0
data/images/238.JPG,0
data/images/799.JPG,0
data/images/37.JPG,0
data/images/668.JPG,0
data/images/1279.JPG,0
data/images/1264.JPG,0
data/images/901.JPG,0
data/images/131.JPG,0
data/images/1465.JPG,1
data/images/1299.JPG,0
data/images/1164.JPG,0
data/images/1016.JPG,0
data/images/1191.JPG,0
data/images/1462.JPG,1
data/images/1064.JPG,0
data/images/835.JPG,0
data/images/1099.JPG,0
data/images/230.JPG,0
data/images/1209.JPG,0
data/images/1226.JPG,0
data/images/563.JPG,0
data/images/77.JPG,0
data/images/575.JPG,0
data/images/561.JPG,0
data/images/115.JPG,0
data/images/251.JPG,0
data/images/576.JPG,0
data/images/603.JPG,0
data/images/859.JPG,0
data/images/769.JPG,0
data/images/340.JPG,0
data/images/54.JPG,0
data/images/202.JPG,0
data/images/590.JPG,0
data/images/462.JPG,0
data/images/1117.JPG,0
data/images/955.JPG,0
data/images/768.JPG,0
data/images/1155.JPG,0
data/images/290.JPG,0
data/images/1116.JPG,0
data/images/1031.JPG,0
data/images/777.JPG,0
data/images/14.JPG,0
data/images/787.JPG,0
data/images/374.JPG,0
data/images/889.JPG,0
data/images/192.JPG,0
data/images/529.JPG,0
data/images/1286.JPG,0
data/images/1437.JPG,1
data/images/222.JPG,0
data/images/305.JPG,0
data/images/737.JPG,0
data/images/56.JPG,0
data/images/484.JPG,0
data/images/647.JPG,0
data/images/811.JPG,0
data/images/427.JPG,0
data/images/2.JPG,0
data/images/1067.JPG,0
data/images/1280.JPG,0
data/images/283.JPG,0
data/images/80.JPG,0
data/images/1282.JPG,0
data/images/1351.JPG,0
data/images/467.JPG,0
data/images/1156.JPG,0
data/images/684.JPG,0
data/images/1005.JPG,0
data/images/1300.JPG,0
data/images/1186.JPG,0
data/images/11.JPG,0
data/images/1463.JPG,1
data/images/1050.JPG,0
data/images/329.JPG,0
data/images/260.JPG,0
data/images/607.JPG,0
data/images/128.JPG,0
data/images/941.JPG,0
data/images/1290.JPG,0
data/images/20.JPG,0
data/images/1397.JPG,0
data/images/1090.JPG,0
data/images/1178.JPG,0
data/images/1274.JPG,0
data/images/1106.JPG,0
data/images/272.JPG,0
data/images/660.JPG,0
data/images/498.JPG,0
data/images/1231.JPG,0
data/images/574.JPG,0
data/images/719.JPG,0
data/images/1011.JPG,0
data/images/990.JPG,0
data/images/444.JPG,0
data/images/184.JPG,0
data/images/538.JPG,0
data/images/634.JPG,0
data/images/753.JPG,0
data/images/645.JPG,0
data/images/491.JPG,0
data/images/66.JPG,0
data/images/744.JPG,0
data/images/332.JPG,0
data/images/1028.JPG,0
data/images/79.JPG,0
data/images/871.JPG,0
data/images/818.JPG,0
data/images/1451.JPG,1
data/images/304.JPG,0
data/images/310.JPG,0
data/images/1119.JPG,0
data/images/1383.JPG,0
data/images/194.JPG,0
data/images/406.JPG,0
data/images/630.JPG,0
data/images/365.JPG,0
data/images/1207.JPG,0
data/images/557.JPG,0
data/images/664.JPG,0
data/images/857.JPG,0
data/images/1424.JPG,1
data/images/1228.JPG,0
data/images/250.JPG,0
data/images/478.JPG,0
data/images/395.JPG,0
data/images/113.JPG,0
data/images/1298.JPG,0
data/images/1172.JPG,0
data/images/1121.JPG,0
data/images/91.JPG,0
data/images/749.JPG,0
data/images/196.JPG,0
data/images/107.JPG,0
data/images/982.JPG,0
data/images/898.JPG,0
data/images/739.JPG,0
data/images/160.JPG,0
data/images/175.JPG,0
data/images/1409.JPG,0
data/images/677.JPG,0
data/images/655.JPG,0
data/images/259.JPG,0
data/images/1027.JPG,0
data/images/1356.JPG,0
data/images/150.JPG,0
data/images/78.JPG,0
data/images/1379.JPG,0
data/images/389.JPG,0
data/images/725.JPG,0
data/images/171.JPG,0
data/images/891.JPG,0
data/images/1276.JPG,0
data/images/1281.JPG,0
data/images/402.JPG,0
data/images/541.JPG,0
data/images/275.JPG,0
data/images/728.JPG,0
data/images/1414.JPG,0
data/images/99.JPG,0
data/images/635.JPG,0
data/images/42.JPG,0
data/images/216.JPG,0
data/images/975.JPG,0
data/images/1333.JPG,0
data/images/1060.JPG,0
data/images/1052.JPG,0
data/images/1387.JPG,0
data/images/1127.JPG,0
data/images/209.JPG,0
data/images/686.JPG,0
data/images/1205.JPG,0
data/images/855.JPG,0
data/images/439.JPG,0
data/images/120.JPG,0
data/images/780.JPG,0
data/images/713.JPG,0
data/images/1034.JPG,0
data/images/544.JPG,0
data/images/1021.JPG,0
data/images/604.JPG,0
data/images/1019.JPG,0
data/images/1453.JPG,1
data/images/565.JPG,0
data/images/1346.JPG,0
data/images/51.JPG,0
data/images/1103.JPG,0
data/images/874.JPG,0
data/images/1148.JPG,0
data/images/731.JPG,0
data/images/426.JPG,0
data/images/59.JPG,0
data/images/1022.JPG,0
data/images/673.JPG,0
data/images/347.JPG,0
data/images/579.JPG,0
data/images/1436.JPG,1
data/images/549.JPG,0
data/images/519.JPG,0
data/images/900.JPG,0
data/images/1144.JPG,0
data/images/688.JPG,0
data/images/629.JPG,0
data/images/414.JPG,0
data/images/727.JPG,0
data/images/172.JPG,0
data/images/866.JPG,0
data/images/1150.JPG,0
data/images/611.JPG,0
data/images/1035.JPG,0
data/images/1309.JPG,0
data/images/219.JPG,0
data/images/105.JPG,0
data/images/1442.JPG,1
data/images/52.JPG,0
data/images/204.JPG,0
data/images/239.JPG,0
data/images/1258.JPG,0
data/images/481.JPG,0
data/images/1203.JPG,0
data/images/32.JPG,0
data/images/434.JPG,0
data/images/1428.JPG,1
data/images/1377.JPG,0
data/images/415.JPG,0
data/images/1236.JPG,0
data/images/1113.JPG,0
data/images/796.JPG,0
data/images/190.JPG,0
data/images/1419.JPG,1
data/images/805.JPG,0
data/images/1182.JPG,0
data/images/1433.JPG,1
data/images/1420.JPG,1
data/images/1206.JPG,0
data/images/920.JPG,0
data/images/449.JPG,0
data/images/525.JPG,0
data/images/132.JPG,0
data/images/615.JPG,0
data/images/1297.JPG,0
data/images/87.JPG,0
data/images/715.JPG,0
data/images/869.JPG,0
data/images/205.JPG,0
data/images/1363.JPG,0
data/images/1177.JPG,0
data/images/199.JPG,0
data/images/1263.JPG,0
data/images/396.JPG,0
data/images/827.JPG,0
data/images/409.JPG,0
data/images/568.JPG,0
data/images/522.JPG,0
data/images/892.JPG,0
data/images/438.JPG,0
data/images/233.JPG,0
data/images/734.JPG,0
data/images/133.JPG,0
data/images/100.JPG,0
data/images/307.JPG,0
data/images/695.JPG,0
data/images/834.JPG,0
data/images/351.JPG,0
data/images/300.JPG,0
data/images/940.JPG,0
data/images/178.JPG,0
data/images/1242.JPG,0
data/images/1043.JPG,0
data/images/809.JPG,0
data/images/1187.JPG,0
data/images/559.JPG,0
data/images/1313.JPG,0
data/images/858.JPG,0
data/images/195.JPG,0
data/images/338.JPG,0
data/images/189.JPG,0
data/images/357.JPG,0
data/images/758.JPG,0
data/images/456.JPG,0
data/images/843.JPG,0
data/images/242.JPG,0
data/images/909.JPG,0
data/images/397.JPG,0
data/images/74.JPG,0
data/images/1146.JPG,0
data/images/865.JPG,0
data/images/224.JPG,0
data/images/50.JPG,0
data/images/390.JPG,0
data/images/1166.JPG,0
data/images/706.JPG,0
data/images/463.JPG,0
data/images/447.JPG,0
data/images/552.JPG,0
data/images/1072.JPG,0
data/images/720.JPG,0
data/images/1.JPG,0
data/images/101.JPG,0
data/images/540.JPG,0
data/images/887.JPG,0
data/images/401.JPG,0
data/images/368.JPG,0
data/images/1239.JPG,0
data/images/569.JPG,0
data/images/75.JPG,0
data/images/1196.JPG,0
data/images/850.JPG,0
data/images/293.JPG,0
data/images/1402.JPG,0
data/images/537.JPG,0
data/images/122.JPG,0
data/images/151.JPG,0
data/images/1047.JPG,0
data/images/95.JPG,0
data/images/161.JPG,0
data/images/4.JPG,0
data/images/226.JPG,0
data/images/166.JPG,0
data/images/591.JPG,0
data/images/704.JPG,0
data/images/58.JPG,0
data/images/1394.JPG,0
data/images/65.JPG,0
data/images/1059.JPG,0
data/images/40.JPG,0
data/images/169.JPG,0
data/images/140.JPG,0
data/images/1418.JPG,1
data/images/1094.JPG,0
data/images/798.JPG,0
data/images/198.JPG,0
data/images/348.JPG,0
data/images/420.JPG,0
data/images/961.JPG,0
data/images/588.JPG,0
data/images/424.JPG,0
data/images/1174.JPG,0
data/images/1334.JPG,0
data/images/369.JPG,0
data/images/503.JPG,0
data/images/337.JPG,0
data/images/375.JPG,0
data/images/1260.JPG,0
data/images/314.JPG,0
data/images/613.JPG,0
data/images/700.JPG,0
data/images/1017.JPG,0
data/images/1337.JPG,0
data/images/359.JPG,0
data/images/271.JPG,0
data/images/448.JPG,0
data/images/1229.JPG,0
data/images/582.JPG,0
data/images/84.JPG,0
data/images/1440.JPG,1
data/images/847.JPG,0
data/images/1277.JPG,0
data/images/267.JPG,0
data/images/1329.JPG,0
data/images/258.JPG,0
data/images/1013.JPG,0
data/images/1352.JPG,0
data/images/778.JPG,0
data/images/948.JPG,0
data/images/536.JPG,0
data/images/1208.JPG,0
data/images/48.JPG,0
data/images/592.JPG,0
data/images/388.JPG,0
data/images/430.JPG,0
data/images/70.JPG,0
data/images/442.JPG,0
data/images/1384.JPG,0
data/images/1162.JPG,0
data/images/1055.JPG,0
data/images/88.JPG,0
data/images/296.JPG,0
data/images/842.JPG,0
data/images/973.JPG,0
data/images/1366.JPG,0
data/images/1085.JPG,0
data/images/896.JPG,0
data/images/472.JPG,0
data/images/621.JPG,0
data/images/653.JPG,0
data/images/129.JPG,0
data/images/912.JPG,0
data/images/39.JPG,0
data/images/506.JPG,0
data/images/1464.JPG,1
data/images/1038.JPG,0
data/images/512.JPG,0
data/images/1181.JPG,0
data/images/170.JPG,0
data/images/1033.JPG,0
data/images/639.JPG,0
data/images/981.JPG,0
data/images/144.JPG,0
data/images/98.JPG,0
data/images/1092.JPG,0
data/images/998.JPG,0
data/images/1444.JPG,1
data/images/1341.JPG,0
data/images/904.JPG,0
data/images/158.JPG,0
data/images/145.JPG,0
data/images/802.JPG,0
data/images/800.JPG,0
data/images/971.JPG,0
data/images/953.JPG,0
data/images/148.JPG,0
data/images/539.JPG,0
data/images/1089.JPG,0
data/images/1413.JPG,0
data/images/371.JPG,0
data/images/387.JPG,0
data/images/626.JPG,0
data/images/636.JPG,0
data/images/152.JPG,0
data/images/73.JPG,0
data/images/83.JPG,0
data/images/181.JPG,0
data/images/960.JPG,0
data/images/748.JPG,0
data/images/919.JPG,0
data/images/854.JPG,0
data/images/826.JPG,0
data/images/149.JPG,0
data/images/1461.JPG,1
data/images/125.JPG,0
data/images/600.JPG,0
data/images/255.JPG,0
data/images/1241.JPG,0
data/images/1416.JPG,0
data/images/1108.JPG,0
data/images/620.JPG,0
data/images/392.JPG,0
data/images/403.JPG,0
data/images/534.JPG,0
data/images/606.JPG,0
data/images/770.JPG,0
data/images/632.JPG,0
data/images/916.JPG,0
data/images/897.JPG,0
data/images/1255.JPG,0
data/images/177.JPG,0
data/images/288.JPG,0
data/images/124.JPG,0
data/images/560.JPG,0
data/images/816.JPG,0
data/images/685.JPG,0
data/images/445.JPG,0
data/images/386.JPG,0
data/images/952.JPG,0
data/images/821.JPG,0
data/images/363.JPG,0
data/images/464.JPG,0
data/images/1061.JPG,0
data/images/804.JPG,0
data/images/1307.JPG,0
data/images/631.JPG,0
data/images/517.JPG,0
data/images/1170.JPG,0
data/images/316.JPG,0
data/images/691.JPG,0
data/images/773.JPG,0
data/images/1252.JPG,0
data/images/894.JPG,0
data/images/970.JPG,0
data/images/1054.JPG,0
data/images/1358.JPG,0
data/images/752.JPG,0
data/images/1081.JPG,0
data/images/476.JPG,0
data/images/1306.JPG,0
data/images/440.JPG,0
data/images/884.JPG,0
data/images/229.JPG,0
data/images/740.JPG,0
data/images/1347.JPG,0
data/images/1030.JPG,0
data/images/162.JPG,0
data/images/323.JPG,0
data/images/102.JPG,0
data/images/672.JPG,0
data/images/1076.JPG,0
data/images/1157.JPG,0
data/images/1104.JPG,0
data/images/1302.JPG,0
data/images/15.JPG,0
data/images/1469.JPG,1
data/images/495.JPG,0
data/images/168.JPG,0
data/images/326.JPG,0
data/images/1393.JPG,0
data/images/377.JPG,0
data/images/644.JPG,0
data/images/299.JPG,0
data/images/870.JPG,0
data/images/1133.JPG,0
data/images/443.JPG,0
data/images/1171.JPG,0
data/images/159.JPG,0
data/images/554.JPG,0
data/images/751.JPG,0
data/images/1331.JPG,0
data/images/1002.JPG,0
data/images/301.JPG,0
data/images/1435.JPG,1
data/images/1325.JPG,0
data/images/1143.JPG,0
data/images/1381.JPG,0
data/images/134.JPG,0
data/images/944.JPG,0
data/images/1336.JPG,0
data/images/504.JPG,0
data/images/1244.JPG,0
data/images/732.JPG,0
data/images/1308.JPG,0
data/images/585.JPG,0
data/images/1024.JPG,0
data/images/237.JPG,0
data/images/1062.JPG,0
data/images/429.JPG,0
data/images/1014.JPG,0
data/images/431.JPG,0
data/images/1354.JPG,0
data/images/1179.JPG,0
data/images/254.JPG,0
data/images/1267.JPG,0
data/images/791.JPG,0
data/images/1468.JPG,1
data/images/1224.JPG,0
data/images/344.JPG,0
data/images/573.JPG,0
data/images/217.JPG,0
data/images/1122.JPG,0
data/images/947.JPG,0
data/images/923.JPG,0
data/images/179.JPG,0
data/images/383.JPG,0
data/images/248.JPG,0
data/images/269.JPG,0
data/images/877.JPG,0
data/images/925.JPG,0
data/images/137.JPG,0
data/images/1173.JPG,0
data/images/325.JPG,0
data/images/1335.JPG,0
data/images/1088.JPG,0
data/images/701.JPG,0
data/images/817.JPG,0
data/images/441.JPG,0
data/images/352.JPG,0
data/images/268.JPG,0
data/images/1467.JPG,1
data/images/793.JPG,0
data/images/1091.JPG,0
data/images/240.JPG,0
data/images/1373.JPG,0
data/images/735.JPG,0
data/images/844.JPG,0
data/images/155.JPG,0
data/images/313.JPG,0
data/images/602.JPG,0
data/images/1364.JPG,0
data/images/623.JPG,0
data/images/36.JPG,0
data/images/595.JPG,0
data/images/474.JPG,0
data/images/703.JPG,0
data/images/112.JPG,0
data/images/1254.JPG,0
data/images/1315.JPG,0
data/images/180.JPG,0
data/images/394.JPG,0
data/images/551.JPG,0
data/images/457.JPG,0
data/images/164.JPG,0
data/images/957.JPG,0
data/images/1184.JPG,0
data/images/690.JPG,0
data/images/1270.JPG,0
data/images/295.JPG,0
data/images/1042.JPG,0
data/images/776.JPG,0
data/images/487.JPG,0
data/images/385.JPG,0
data/images/1357.JPG,0
data/images/1130.JPG,0
data/images/315.JPG,0
data/images/1319.JPG,0
data/images/532.JPG,0
data/images/508.JPG,0
data/images/331.JPG,0
data/images/64.JPG,0
data/images/878.JPG,0
data/images/580.JPG,0
data/images/553.JPG,0
data/images/1032.JPG,0
data/images/1285.JPG,0
data/images/524.JPG,0
data/images/1176.JPG,0
data/images/473.JPG,0
data/images/747.JPG,0
data/images/965.JPG,0
data/images/883.JPG,0
data/images/225.JPG,0
data/images/333.JPG,0
data/images/71.JPG,0
data/images/356.JPG,0
data/images/76.JPG,0
data/images/689.JPG,0
data/images/1388.JPG,0
data/images/136.JPG,0
data/images/154.JPG,0
data/images/890.JPG,0
data/images/264.JPG,0
data/images/966.JPG,0
data/images/856.JPG,0
data/images/699.JPG,0
data/images/350.JPG,0
data/images/945.JPG,0
data/images/210.JPG,0
data/images/370.JPG,0
data/images/234.JPG,0
data/images/652.JPG,0
data/images/882.JPG,0
data/images/358.JPG,0
data/images/1096.JPG,0
data/images/201.JPG,0
data/images/96.JPG,0
data/images/361.JPG,0
data/images/266.JPG,0
data/images/475.JPG,0
data/images/468.JPG,0
data/images/94.JPG,0
data/images/89.JPG,0
data/images/281.JPG,0
data/images/1199.JPG,0
data/images/1340.JPG,0
data/images/1023.JPG,0
data/images/707.JPG,0
data/images/245.JPG,0
data/images/937.JPG,0
data/images/714.JPG,0
data/images/1018.JPG,0
data/images/985.JPG,0
data/images/779.JPG,0
data/images/1049.JPG,0
data/images/228.JPG,0
data/images/627.JPG,0
data/images/862.JPG,0
data/images/1454.JPG,1
data/images/872.JPG,0
data/images/1095.JPG,0
data/images/1339.JPG,0
data/images/1232.JPG,0
data/images/1460.JPG,1
data/images/27.JPG,0
data/images/614.JPG,0
data/images/1369.JPG,0
data/images/1221.JPG,0
data/images/1430.JPG,1
data/images/5.JPG,0
data/images/436.JPG,0
data/images/930.JPG,0
data/images/1234.JPG,0
data/images/63.JPG,0
data/images/837.JPG,0
data/images/1123.JPG,0
data/images/12.JPG,0
data/images/1273.JPG,0
data/images/936.JPG,0
data/images/1079.JPG,0
data/images/1382.JPG,0
data/images/806.JPG,0
data/images/186.JPG,0
data/images/558.JPG,0
data/images/488.JPG,0
data/images/610.JPG,0
data/images/1082.JPG,0
data/images/1025.JPG,0
data/images/687.JPG,0
data/images/934.JPG,0
data/images/1427.JPG,1
data/images/114.JPG,0
data/images/656.JPG,0
data/images/1134.JPG,0
data/images/1374.JPG,0
data/images/1411.JPG,0
data/images/1200.JPG,0
data/images/917.JPG,0
data/images/1291.JPG,0
data/images/1012.JPG,0
data/images/1235.JPG,0
data/images/1188.JPG,0
data/images/382.JPG,0
data/images/1367.JPG,0
data/images/206.JPG,0
data/images/661.JPG,0
data/images/412.JPG,0
data/images/1140.JPG,0
data/images/1238.JPG,0
data/images/453.JPG,0
data/images/638.JPG,0
data/images/452.JPG,0
data/images/399.JPG,0
data/images/1086.JPG,0
data/images/1376.JPG,0
data/images/743.JPG,0
data/images/1295.JPG,0
data/images/1039.JPG,0
data/images/1401.JPG,0
data/images/1378.JPG,0
data/images/1073.JPG,0
data/images/546.JPG,0
data/images/640.JPG,0
data/images/354.JPG,0
data/images/253.JPG,0
data/images/21.JPG,0
data/images/962.JPG,0
data/images/784.JPG,0
data/images/494.JPG,0
data/images/741.JPG,0
data/images/493.JPG,0
data/images/810.JPG,0
data/images/339.JPG,0
data/images/1217.JPG,0
data/images/1066.JPG,0
data/images/1323.JPG,0
data/images/911.JPG,0
data/images/292.JPG,0
data/images/1288.JPG,0
data/images/1175.JPG,0
data/images/792.JPG,0
data/images/993.JPG,0
data/images/682.JPG,0
data/images/991.JPG,0
data/images/1466.JPG,1
data/images/511.JPG,0
data/images/227.JPG,0
data/images/1359.JPG,0
data/images/1404.JPG,0
data/images/1124.JPG,0
data/images/496.JPG,0
data/images/679.JPG,0
data/images/1360.JPG,0
data/images/1458.JPG,1
data/images/220.JPG,0
data/images/47.JPG,0
data/images/1257.JPG,0
data/images/126.JPG,0
data/images/16.JPG,0
data/images/1432.JPG,1
data/images/718.JPG,0
data/images/864.JPG,0
data/images/921.JPG,0
data/images/1169.JPG,0
data/images/501.JPG,0
data/images/979.JPG,0
data/images/1230.JPG,0
data/images/1269.JPG,0
data/images/261.JPG,0
data/images/521.JPG,0
data/images/1071.JPG,0
data/images/1167.JPG,0
data/images/1132.JPG,0
data/images/594.JPG,0
data/images/90.JPG,0
data/images/693.JPG,0
data/images/762.JPG,0
data/images/1190.JPG,0
data/images/535.JPG,0
data/images/193.JPG,0
data/images/906.JPG,0
data/images/1390.JPG,0
data/images/1111.JPG,0
data/images/191.JPG,0
data/images/203.JPG,0
data/images/249.JPG,0
data/images/336.JPG,0
data/images/868.JPG,0
data/images/163.JPG,0
data/images/1065.JPG,0
data/images/1214.JPG,0
data/images/1271.JPG,0
data/images/1078.JPG,0
data/images/825.JPG,0
data/images/581.JPG,0
data/images/548.JPG,0
data/images/306.JPG,0
data/images/515.JPG,0
data/images/863.JPG,0
data/images/322.JPG,0
data/images/8.JPG,0
data/images/1365.JPG,0
data/images/477.JPG,0
data/images/1410.JPG,0
data/images/694.JPG,0
data/images/514.JPG,0
data/images/1305.JPG,0
data/images/391.JPG,0
data/images/649.JPG,0
data/images/1311.JPG,0
data/images/345.JPG,0
data/images/1317.JPG,0
data/images/1218.JPG,0
data/images/1046.JPG,0
data/images/1083.JPG,0
data/images/26.JPG,0
data/images/3.JPG,0
data/images/609.JPG,0
data/images/520.JPG,0
